case_id,occupied_total,adaptive_detected,static_detected,adaptive_detected_fraction,static_detected_fraction,delta_percentage_points,adaptive_effort,static_effort,missions,distinct_sites,distinct_effort_levels,effort_path,site_path
incident_001,9,2,1,0.2222222222222222,0.1111111111111111,11.11111111111111,18,18,8,8,2,"[3, 3, 3, 3, 1, 1, 3, 1]","[""361"", ""379"", ""541"", ""382"", ""378"", ""528"", ""322"", ""341""]"
incident_002,5,1,1,0.2,0.2,0.0,18,18,5,5,2,"[6, 3, 3, 3, 3]","[""204"", ""201"", ""207"", ""508"", ""214""]"
incident_003,4,2,2,0.5,0.5,0.0,18,18,3,3,1,"[6, 6, 6]","[""161"", ""133"", ""128""]"
incident_004,3,2,1,0.6666666666666666,0.3333333333333333,33.33333333333333,18,18,7,7,3,"[6, 3, 3, 1, 1, 1, 3]","[""250"", ""277"", ""581"", ""153"", ""97"", ""579"", ""108""]"
incident_005,5,2,2,0.4,0.4,0.0,18,18,7,7,3,"[6, 3, 3, 3, 1, 1, 1]","[""250"", ""277"", ""579"", ""581"", ""97"", ""553"", ""128""]"
incident_006,5,1,2,0.2,0.4,-20.0,18,18,4,4,2,"[6, 6, 3, 3]","[""599"", ""516"", ""590"", ""508""]"
incident_007,11,3,3,0.2727272727272727,0.2727272727272727,0.0,18,18,3,3,1,"[6, 6, 6]","[""540"", ""349"", ""330""]"
incident_008,6,2,2,0.3333333333333333,0.3333333333333333,0.0,18,18,3,3,1,"[6, 6, 6]","[""349"", ""540"", ""541""]"
incident_009,6,1,1,0.16666666666666666,0.16666666666666666,0.0,18,18,10,10,2,"[3, 3, 3, 3, 1, 1, 1, 1, 1, 1]","[""581"", ""3"", ""97"", ""579"", ""250"", ""138"", ""133"", ""173"", ""128"", ""108""]"
incident_010,5,2,2,0.4,0.4,0.0,18,18,4,4,2,"[6, 3, 6, 3]","[""207"", ""214"", ""384"", ""198""]"
incident_011,2,2,2,1.0,1.0,0.0,18,18,3,3,1,"[6, 6, 6]","[""330"", ""349"", ""540""]"
incident_012,6,1,1,0.16666666666666666,0.16666666666666666,0.0,18,18,3,3,1,"[6, 6, 6]","[""341"", ""322"", ""527""]"
incident_013,8,3,2,0.375,0.25,12.5,18,18,5,5,2,"[6, 3, 3, 3, 3]","[""207"", ""214"", ""383"", ""201"", ""198""]"
incident_014,6,2,2,0.3333333333333333,0.3333333333333333,0.0,18,18,5,5,2,"[6, 3, 3, 3, 3]","[""201"", ""590"", ""552"", ""508"", ""516""]"
incident_015,1,1,1,1.0,1.0,0.0,18,18,5,5,2,"[6, 3, 3, 3, 3]","[""553"", ""177"", ""153"", ""133"", ""161""]"
incident_016,2,2,2,1.0,1.0,0.0,18,18,12,12,2,"[3, 3, 3, 1, 1, 1, 1, 1, 1, 1, 1, 1]","[""3"", ""277"", ""581"", ""579"", ""97"", ""108"", ""153"", ""128"", ""161"", ""177"", ""173"", ""553""]"
incident_017,9,3,3,0.3333333333333333,0.3333333333333333,0.0,18,18,4,4,2,"[6, 6, 3, 3]","[""362"", ""379"", ""323"", ""527""]"
incident_018,10,3,3,0.3,0.3,0.0,18,18,3,3,1,"[6, 6, 6]","[""341"", ""378"", ""382""]"
incident_019,7,4,4,0.5714285714285714,0.5714285714285714,0.0,18,18,3,3,1,"[6, 6, 6]","[""214"", ""383"", ""384""]"
incident_020,6,2,2,0.3333333333333333,0.3333333333333333,0.0,18,18,3,3,1,"[6, 6, 6]","[""552"", ""201"", ""508""]"
incident_021,8,3,3,0.375,0.375,0.0,18,18,3,3,1,"[6, 6, 6]","[""508"", ""201"", ""311""]"
incident_022,8,3,3,0.375,0.375,0.0,18,18,3,3,1,"[6, 6, 6]","[""201"", ""590"", ""508""]"
incident_023,3,2,2,0.6666666666666666,0.6666666666666666,0.0,18,18,4,4,2,"[6, 6, 3, 3]","[""201"", ""204"", ""207"", ""590""]"
incident_024,7,2,2,0.2857142857142857,0.2857142857142857,0.0,18,18,3,3,1,"[6, 6, 6]","[""323"", ""378"", ""527""]"
incident_025,6,2,1,0.3333333333333333,0.16666666666666666,16.666666666666664,18,18,5,5,2,"[6, 3, 3, 3, 3]","[""579"", ""581"", ""553"", ""108"", ""133""]"
incident_026,2,1,1,0.5,0.5,0.0,18,18,6,6,1,"[3, 3, 3, 3, 3, 3]","[""379"", ""361"", ""341"", ""541"", ""382"", ""527""]"
incident_027,3,1,1,0.3333333333333333,0.3333333333333333,0.0,18,18,7,7,3,"[6, 3, 3, 3, 1, 1, 1]","[""207"", ""383"", ""384"", ""198"", ""590"", ""201"", ""311""]"
incident_028,8,3,1,0.375,0.125,25.0,18,18,5,5,2,"[6, 3, 3, 3, 3]","[""581"", ""97"", ""108"", ""133"", ""553""]"
incident_029,4,1,1,0.25,0.25,0.0,18,18,6,6,1,"[3, 3, 3, 3, 3, 3]","[""153"", ""173"", ""133"", ""553"", ""108"", ""161""]"
incident_030,9,4,4,0.4444444444444444,0.4444444444444444,0.0,18,18,4,4,2,"[3, 3, 6, 6]","[""349"", ""536"", ""540"", ""330""]"
incident_031,11,3,3,0.2727272727272727,0.2727272727272727,0.0,18,18,3,3,1,"[6, 6, 6]","[""378"", ""527"", ""382""]"
incident_032,9,2,1,0.2222222222222222,0.1111111111111111,11.11111111111111,18,18,5,5,2,"[6, 3, 3, 3, 3]","[""133"", ""153"", ""161"", ""128"", ""97""]"
incident_033,8,1,1,0.125,0.125,0.0,18,18,4,4,2,"[6, 6, 3, 3]","[""553"", ""173"", ""161"", ""133""]"
incident_034,1,1,1,1.0,1.0,0.0,18,18,7,7,3,"[6, 3, 3, 3, 1, 1, 1]","[""349"", ""330"", ""540"", ""541"", ""533"", ""528"", ""341""]"
incident_035,10,2,2,0.2,0.2,0.0,18,18,3,3,1,"[6, 6, 6]","[""382"", ""528"", ""323""]"
incident_036,3,1,2,0.3333333333333333,0.6666666666666666,-33.33333333333333,18,18,12,12,2,"[3, 3, 3, 1, 1, 1, 1, 1, 1, 1, 1, 1]","[""349"", ""536"", ""540"", ""541"", ""330"", ""527"", ""322"", ""380"", ""323"", ""341"", ""379"", ""382""]"
incident_037,9,1,1,0.1111111111111111,0.1111111111111111,0.0,18,18,3,3,1,"[6, 6, 6]","[""379"", ""378"", ""380""]"
incident_038,3,1,1,0.3333333333333333,0.3333333333333333,0.0,18,18,5,5,2,"[6, 3, 3, 3, 3]","[""204"", ""311"", ""306"", ""552"", ""508""]"
incident_039,12,3,3,0.25,0.25,0.0,18,18,3,3,1,"[6, 6, 6]","[""97"", ""133"", ""153""]"
incident_040,4,1,1,0.25,0.25,0.0,18,18,14,14,2,"[3, 3, 1, 1, 1, 1, 1, 1, 1, 1, 1, 1, 1, 1]","[""3"", ""277"", ""579"", ""581"", ""138"", ""133"", ""553"", ""97"", ""128"", ""108"", ""161"", ""153"", ""177"", ""173""]"
incident_041,4,1,1,0.25,0.25,0.0,18,18,7,7,3,"[6, 3, 3, 3, 1, 1, 1]","[""214"", ""207"", ""384"", ""198"", ""311"", ""204"", ""201""]"
incident_042,6,1,1,0.16666666666666666,0.16666666666666666,0.0,18,18,6,6,1,"[3, 3, 3, 3, 3, 3]","[""361"", ""379"", ""380"", ""528"", ""378"", ""341""]"
incident_043,12,1,1,0.08333333333333333,0.08333333333333333,0.0,18,18,4,4,2,"[6, 6, 3, 3]","[""153"", ""133"", ""108"", ""173""]"
incident_044,7,2,3,0.2857142857142857,0.42857142857142855,-14.285714285714285,18,18,3,3,1,"[6, 6, 6]","[""108"", ""553"", ""128""]"
incident_045,8,1,1,0.125,0.125,0.0,18,18,3,3,1,"[6, 6, 6]","[""378"", ""528"", ""541""]"
incident_046,10,2,2,0.2,0.2,0.0,18,18,4,4,2,"[6, 6, 3, 3]","[""204"", ""590"", ""508"", ""552""]"
incident_047,10,3,2,0.3,0.2,9.999999999999998,18,18,3,3,1,"[6, 6, 6]","[""173"", ""553"", ""133""]"
incident_048,3,2,2,0.6666666666666666,0.6666666666666666,0.0,18,18,3,3,1,"[6, 6, 6]","[""536"", ""540"", ""541""]"
incident_049,8,1,1,0.125,0.125,0.0,18,18,14,14,2,"[3, 3, 1, 1, 1, 1, 1, 1, 1, 1, 1, 1, 1, 1]","[""349"", ""536"", ""540"", ""330"", ""341"", ""541"", ""380"", ""322"", ""362"", ""528"", ""378"", ""382"", ""361"", ""379""]"
incident_050,7,2,3,0.2857142857142857,0.42857142857142855,-14.285714285714285,18,18,4,4,2,"[6, 3, 6, 3]","[""161"", ""173"", ""553"", ""177""]"
incident_051,11,1,3,0.09090909090909091,0.2727272727272727,-18.18181818181818,18,18,5,5,2,"[6, 3, 3, 3, 3]","[""516"", ""552"", ""590"", ""599"", ""204""]"
incident_052,1,1,1,1.0,1.0,0.0,18,18,14,14,2,"[3, 3, 1, 1, 1, 1, 1, 1, 1, 1, 1, 1, 1, 1]","[""250"", ""277"", ""579"", ""581"", ""97"", ""108"", ""138"", ""133"", ""553"", ""177"", ""128"", ""173"", ""153"", ""161""]"
incident_053,11,3,3,0.2727272727272727,0.2727272727272727,0.0,18,18,4,4,2,"[6, 6, 3, 3]","[""508"", ""590"", ""599"", ""552""]"
incident_054,9,3,3,0.3333333333333333,0.3333333333333333,0.0,18,18,3,3,1,"[6, 6, 6]","[""508"", ""590"", ""516""]"
incident_055,10,4,3,0.4,0.3,10.000000000000004,18,18,5,5,2,"[3, 6, 3, 3, 3]","[""201"", ""204"", ""207"", ""306"", ""590""]"
incident_056,4,3,3,0.75,0.75,0.0,18,18,3,3,1,"[6, 6, 6]","[""133"", ""138"", ""128""]"
incident_057,1,1,1,1.0,1.0,0.0,18,18,12,12,2,"[3, 3, 3, 1, 1, 1, 1, 1, 1, 1, 1, 1]","[""349"", ""540"", ""536"", ""330"", ""379"", ""323"", ""380"", ""528"", ""361"", ""541"", ""322"", ""378""]"
incident_058,6,4,4,0.6666666666666666,0.6666666666666666,0.0,18,18,3,3,1,"[6, 6, 6]","[""153"", ""128"", ""108""]"
incident_059,13,2,2,0.15384615384615385,0.15384615384615385,0.0,18,18,3,3,1,"[6, 6, 6]","[""541"", ""536"", ""349""]"
incident_060,2,2,2,1.0,1.0,0.0,18,18,8,8,2,"[3, 3, 3, 3, 3, 1, 1, 1]","[""3"", ""581"", ""250"", ""579"", ""97"", ""553"", ""133"", ""108""]"
incident_061,10,1,2,0.1,0.2,-10.0,18,18,4,4,2,"[6, 6, 3, 3]","[""378"", ""341"", ""322"", ""527""]"
incident_062,10,3,3,0.3,0.3,0.0,18,18,3,3,1,"[6, 6, 6]","[""552"", ""599"", ""204""]"
incident_063,6,2,2,0.3333333333333333,0.3333333333333333,0.0,18,18,5,5,2,"[6, 3, 3, 3, 3]","[""540"", ""330"", ""349"", ""541"", ""533""]"
incident_064,11,2,2,0.18181818181818182,0.18181818181818182,0.0,18,18,3,3,1,"[6, 6, 6]","[""380"", ""378"", ""341""]"
incident_065,3,3,3,1.0,1.0,0.0,18,18,5,5,2,"[3, 3, 6, 3, 3]","[""214"", ""383"", ""207"", ""198"", ""201""]"
incident_066,12,2,3,0.16666666666666666,0.25,-8.333333333333334,18,18,3,3,1,"[6, 6, 6]","[""382"", ""541"", ""528""]"
incident_067,8,2,3,0.25,0.375,-12.5,18,18,3,3,1,"[6, 6, 6]","[""173"", ""553"", ""108""]"
incident_068,8,2,2,0.25,0.25,0.0,18,18,3,3,1,"[6, 6, 6]","[""173"", ""177"", ""161""]"
incident_069,3,2,2,0.6666666666666666,0.6666666666666666,0.0,18,18,5,5,2,"[6, 3, 3, 3, 3]","[""207"", ""384"", ""214"", ""198"", ""201""]"
incident_070,10,2,2,0.2,0.2,0.0,18,18,4,4,2,"[6, 6, 3, 3]","[""201"", ""516"", ""508"", ""552""]"
incident_071,11,4,4,0.36363636363636365,0.36363636363636365,0.0,18,18,3,3,1,"[6, 6, 6]","[""173"", ""153"", ""553""]"
incident_072,5,2,1,0.4,0.2,20.0,18,18,4,4,2,"[6, 6, 3, 3]","[""541"", ""380"", ""536"", ""540""]"
incident_073,1,1,1,1.0,1.0,0.0,18,18,5,5,2,"[6, 3, 3, 3, 3]","[""553"", ""133"", ""177"", ""173"", ""108""]"
incident_074,1,1,1,1.0,1.0,0.0,18,18,5,5,2,"[6, 3, 3, 3, 3]","[""508"", ""204"", ""590"", ""201"", ""516""]"
incident_075,4,1,1,0.25,0.25,0.0,18,18,4,4,2,"[6, 6, 3, 3]","[""516"", ""306"", ""590"", ""508""]"
incident_076,2,1,1,0.5,0.5,0.0,18,18,3,3,1,"[6, 6, 6]","[""527"", ""379"", ""380""]"
incident_077,7,1,1,0.14285714285714285,0.14285714285714285,0.0,18,18,10,10,2,"[3, 3, 3, 3, 1, 1, 1, 1, 1, 1]","[""362"", ""379"", ""527"", ""528"", ""541"", ""330"", ""341"", ""378"", ""323"", ""382""]"
incident_078,11,1,2,0.09090909090909091,0.18181818181818182,-9.090909090909092,18,18,5,5,2,"[6, 3, 3, 3, 3]","[""590"", ""201"", ""552"", ""508"", ""204""]"
incident_079,1,1,1,1.0,1.0,0.0,18,18,6,6,3,"[6, 6, 3, 1, 1, 1]","[""384"", ""207"", ""383"", ""201"", ""198"", ""204""]"
incident_080,8,3,2,0.375,0.25,12.5,18,18,4,4,2,"[3, 6, 3, 6]","[""590"", ""204"", ""552"", ""508""]"
incident_081,8,3,3,0.375,0.375,0.0,18,18,3,3,1,"[6, 6, 6]","[""508"", ""204"", ""590""]"
incident_082,8,4,3,0.5,0.375,12.5,18,18,4,4,2,"[6, 6, 3, 3]","[""599"", ""508"", ""552"", ""590""]"
incident_083,5,2,2,0.4,0.4,0.0,18,18,3,3,1,"[6, 6, 6]","[""590"", ""204"", ""306""]"
incident_084,10,1,1,0.1,0.1,0.0,18,18,5,5,2,"[6, 3, 3, 3, 3]","[""516"", ""590"", ""204"", ""599"", ""552""]"
incident_085,3,1,2,0.3333333333333333,0.6666666666666666,-33.33333333333333,18,18,3,3,1,"[6, 6, 6]","[""341"", ""527"", ""380""]"
incident_086,1,1,1,1.0,1.0,0.0,18,18,7,7,3,"[6, 3, 3, 3, 1, 1, 1]","[""207"", ""384"", ""383"", ""198"", ""201"", ""204"", ""552""]"
incident_087,7,2,1,0.2857142857142857,0.14285714285714285,14.285714285714285,18,18,4,4,2,"[6, 3, 3, 6]","[""108"", ""133"", ""138"", ""161""]"
incident_088,1,1,1,1.0,1.0,0.0,18,18,5,5,2,"[6, 3, 3, 3, 3]","[""204"", ""590"", ""306"", ""198"", ""311""]"
incident_089,10,2,2,0.2,0.2,0.0,18,18,3,3,1,"[6, 6, 6]","[""527"", ""379"", ""380""]"
incident_090,5,1,1,0.2,0.2,0.0,18,18,5,5,2,"[6, 3, 3, 3, 3]","[""128"", ""138"", ""108"", ""133"", ""153""]"
incident_091,3,1,1,0.3333333333333333,0.3333333333333333,0.0,18,18,14,14,2,"[3, 3, 1, 1, 1, 1, 1, 1, 1, 1, 1, 1, 1, 1]","[""3"", ""277"", ""581"", ""138"", ""579"", ""133"", ""97"", ""108"", ""128"", ""553"", ""173"", ""177"", ""153"", ""161""]"
incident_092,2,1,1,0.5,0.5,0.0,18,18,4,4,2,"[6, 6, 3, 3]","[""138"", ""133"", ""128"", ""153""]"
incident_093,3,1,1,0.3333333333333333,0.3333333333333333,0.0,18,18,3,3,1,"[6, 6, 6]","[""527"", ""528"", ""341""]"
incident_094,9,4,4,0.4444444444444444,0.4444444444444444,0.0,18,18,3,3,1,"[6, 6, 6]","[""516"", ""552"", ""590""]"
incident_095,17,2,2,0.11764705882352941,0.11764705882352941,0.0,18,18,3,3,1,"[6, 6, 6]","[""382"", ""380"", ""378""]"
incident_096,9,3,3,0.3333333333333333,0.3333333333333333,0.0,18,18,3,3,1,"[6, 6, 6]","[""379"", ""527"", ""380""]"
incident_097,7,4,3,0.5714285714285714,0.42857142857142855,14.285714285714285,18,18,3,3,1,"[6, 6, 6]","[""362"", ""379"", ""382""]"
incident_098,4,2,2,0.5,0.5,0.0,18,18,7,7,3,"[6, 3, 3, 3, 1, 1, 1]","[""384"", ""207"", ""383"", ""198"", ""204"", ""201"", ""508""]"
incident_099,5,1,1,0.2,0.2,0.0,18,18,4,4,2,"[6, 6, 3, 3]","[""540"", ""541"", ""536"", ""533""]"
incident_100,10,2,2,0.2,0.2,0.0,18,18,3,3,1,"[6, 6, 6]","[""527"", ""528"", ""323""]"
